{
  "freq_by_centuary": [
    {
      "count": 0.37662337662337664,
      "centuary": 19
    },
    {
      "count": 0.4805194805194805,
      "centuary": 20
    },
    {
      "count": 0.14285714285714285,
      "centuary": 21
    }
  ],
  "pages_stat": {
    "sum": 22668,
    "avg": 294.38961038961037,
    "min": 100,
    "max": 487
  }
}